forma_pagamento,n_vendas,ticket_medio,faturamento
Cartão de Crédito,135,164.16037037037037,22161.65
Pix,139,159.2831654676259,22140.36
Cartão de Débito,119,151.62495798319327,18043.37
Dinheiro,107,145.62434579439253,15581.805
