mes,faturamento,mes_nome,variacao_pct
1,5407.175,Jan,
2,7323.18,Fev,35.434492133137915
3,9899.3,Mar,35.17761409660829
4,5897.9800000000005,Abr,-40.42023173355691
5,8023.0,Mai,36.029623701674126
6,5074.05,Jun,-36.75620092234825
7,8209.31,Jul,61.790088785092756
8,7329.54,Ago,-10.716735024015412
9,4926.68,Set,-32.78323059837316
10,3331.35,Out,-32.38144145753328
11,5996.44,Nov,80.00030017860627
12,6509.18,Dez,8.550740105796129
