vendedor,n_vendas,faturamento,ticket_medio,participacao_pct
Carlos Souza,96,16048.78,167.17479166666666,25.576627464517298
Fernanda Costa,108,15813.595,146.42217592592593,25.20181772008548
Roberto Dias,102,15469.26,151.65941176470588,24.653057750916822
Ana Lima,97,15416.2,158.92989690721652,24.56849706448039
